email	display_name	password	role_key	email_verified
admin@example.com	System Admin	Password123!	admin	true
member@example.com	Default Member	Password123!	customer	true
buyer.aiden@example.com	Aiden Brooks	Password123!	customer	true
buyer.luna@example.com	Luna Hayes	Password123!	customer	true
buyer.mason@example.com	Mason Cole	Password123!	customer	true
buyer.sophia@example.com	Sophia Reed	Password123!	customer	true
buyer.ethan@example.com	Ethan Perry	Password123!	customer	true
buyer.chloe@example.com	Chloe Bennett	Password123!	customer	true
buyer.jack@example.com	Jack Rivera	Password123!	customer	true
buyer.zoe@example.com	Zoe Sutton	Password123!	customer	true
buyer.nolan@example.com	Nolan Foster	Password123!	customer	true
buyer.grace@example.com	Grace Bailey	Password123!	customer	true
buyer.leo@example.com	Leo Parker	Password123!	customer	true
buyer.emma@example.com	Emma Quinn	Password123!	customer	true
buyer.owen@example.com	Owen Taylor	Password123!	customer	true
buyer.aria@example.com	Aria Morgan	Password123!	customer	true
buyer.liam@example.com	Liam Stone	Password123!	customer	true
buyer.eva@example.com	Eva Jordan	Password123!	customer	true
maker.olive@example.com	Olive Hart	Password123!	seller	true
maker.mason@example.com	Mason Reed	Password123!	seller	true
maker.sage@example.com	Sage Lane	Password123!	seller	true
maker.hazel@example.com	Hazel Quinn	Password123!	seller	true
maker.juno@example.com	Juno Park	Password123!	seller	true
bulk.catalog@example.com	Bulk Catalog Owner	Password123!	seller	true
buyer.seed0001@example.com	Seed Customer 0001	Password123!	customer	true
buyer.seed0002@example.com	Seed Customer 0002	Password123!	customer	true
buyer.seed0003@example.com	Seed Customer 0003	Password123!	customer	true
buyer.seed0004@example.com	Seed Customer 0004	Password123!	customer	true
buyer.seed0005@example.com	Seed Customer 0005	Password123!	customer	true
buyer.seed0006@example.com	Seed Customer 0006	Password123!	customer	true
buyer.seed0007@example.com	Seed Customer 0007	Password123!	customer	true
buyer.seed0008@example.com	Seed Customer 0008	Password123!	customer	true
buyer.seed0009@example.com	Seed Customer 0009	Password123!	customer	true
buyer.seed0010@example.com	Seed Customer 0010	Password123!	customer	true
buyer.seed0011@example.com	Seed Customer 0011	Password123!	customer	true
buyer.seed0012@example.com	Seed Customer 0012	Password123!	customer	true
buyer.seed0013@example.com	Seed Customer 0013	Password123!	customer	true
buyer.seed0014@example.com	Seed Customer 0014	Password123!	customer	true
buyer.seed0015@example.com	Seed Customer 0015	Password123!	customer	true
buyer.seed0016@example.com	Seed Customer 0016	Password123!	customer	true
buyer.seed0017@example.com	Seed Customer 0017	Password123!	customer	true
buyer.seed0018@example.com	Seed Customer 0018	Password123!	customer	true
buyer.seed0019@example.com	Seed Customer 0019	Password123!	customer	true
buyer.seed0020@example.com	Seed Customer 0020	Password123!	customer	true
buyer.seed0021@example.com	Seed Customer 0021	Password123!	customer	true
buyer.seed0022@example.com	Seed Customer 0022	Password123!	customer	true
buyer.seed0023@example.com	Seed Customer 0023	Password123!	customer	true
buyer.seed0024@example.com	Seed Customer 0024	Password123!	customer	true
buyer.seed0025@example.com	Seed Customer 0025	Password123!	customer	true
buyer.seed0026@example.com	Seed Customer 0026	Password123!	customer	true
buyer.seed0027@example.com	Seed Customer 0027	Password123!	customer	true
buyer.seed0028@example.com	Seed Customer 0028	Password123!	customer	true
buyer.seed0029@example.com	Seed Customer 0029	Password123!	customer	true
buyer.seed0030@example.com	Seed Customer 0030	Password123!	customer	true
buyer.seed0031@example.com	Seed Customer 0031	Password123!	customer	true
buyer.seed0032@example.com	Seed Customer 0032	Password123!	customer	true
buyer.seed0033@example.com	Seed Customer 0033	Password123!	customer	true
buyer.seed0034@example.com	Seed Customer 0034	Password123!	customer	true
buyer.seed0035@example.com	Seed Customer 0035	Password123!	customer	true
buyer.seed0036@example.com	Seed Customer 0036	Password123!	customer	true
buyer.seed0037@example.com	Seed Customer 0037	Password123!	customer	true
buyer.seed0038@example.com	Seed Customer 0038	Password123!	customer	true
buyer.seed0039@example.com	Seed Customer 0039	Password123!	customer	true
buyer.seed0040@example.com	Seed Customer 0040	Password123!	customer	true
buyer.seed0041@example.com	Seed Customer 0041	Password123!	customer	true
buyer.seed0042@example.com	Seed Customer 0042	Password123!	customer	true
buyer.seed0043@example.com	Seed Customer 0043	Password123!	customer	true
buyer.seed0044@example.com	Seed Customer 0044	Password123!	customer	true
buyer.seed0045@example.com	Seed Customer 0045	Password123!	customer	true
buyer.seed0046@example.com	Seed Customer 0046	Password123!	customer	true
buyer.seed0047@example.com	Seed Customer 0047	Password123!	customer	true
buyer.seed0048@example.com	Seed Customer 0048	Password123!	customer	true
buyer.seed0049@example.com	Seed Customer 0049	Password123!	customer	true
buyer.seed0050@example.com	Seed Customer 0050	Password123!	customer	true
buyer.seed0051@example.com	Seed Customer 0051	Password123!	customer	true
buyer.seed0052@example.com	Seed Customer 0052	Password123!	customer	true
buyer.seed0053@example.com	Seed Customer 0053	Password123!	customer	true
buyer.seed0054@example.com	Seed Customer 0054	Password123!	customer	true
buyer.seed0055@example.com	Seed Customer 0055	Password123!	customer	true
buyer.seed0056@example.com	Seed Customer 0056	Password123!	customer	true
buyer.seed0057@example.com	Seed Customer 0057	Password123!	customer	true
buyer.seed0058@example.com	Seed Customer 0058	Password123!	customer	true
buyer.seed0059@example.com	Seed Customer 0059	Password123!	customer	true
buyer.seed0060@example.com	Seed Customer 0060	Password123!	customer	true
buyer.seed0061@example.com	Seed Customer 0061	Password123!	customer	true
buyer.seed0062@example.com	Seed Customer 0062	Password123!	customer	true
buyer.seed0063@example.com	Seed Customer 0063	Password123!	customer	true
buyer.seed0064@example.com	Seed Customer 0064	Password123!	customer	true
buyer.seed0065@example.com	Seed Customer 0065	Password123!	customer	true
buyer.seed0066@example.com	Seed Customer 0066	Password123!	customer	true
buyer.seed0067@example.com	Seed Customer 0067	Password123!	customer	true
buyer.seed0068@example.com	Seed Customer 0068	Password123!	customer	true
buyer.seed0069@example.com	Seed Customer 0069	Password123!	customer	true
buyer.seed0070@example.com	Seed Customer 0070	Password123!	customer	true
buyer.seed0071@example.com	Seed Customer 0071	Password123!	customer	true
buyer.seed0072@example.com	Seed Customer 0072	Password123!	customer	true
buyer.seed0073@example.com	Seed Customer 0073	Password123!	customer	true
buyer.seed0074@example.com	Seed Customer 0074	Password123!	customer	true
buyer.seed0075@example.com	Seed Customer 0075	Password123!	customer	true
buyer.seed0076@example.com	Seed Customer 0076	Password123!	customer	true
buyer.seed0077@example.com	Seed Customer 0077	Password123!	customer	true
buyer.seed0078@example.com	Seed Customer 0078	Password123!	customer	true
buyer.seed0079@example.com	Seed Customer 0079	Password123!	customer	true
buyer.seed0080@example.com	Seed Customer 0080	Password123!	customer	true
buyer.seed0081@example.com	Seed Customer 0081	Password123!	customer	true
buyer.seed0082@example.com	Seed Customer 0082	Password123!	customer	true
buyer.seed0083@example.com	Seed Customer 0083	Password123!	customer	true
buyer.seed0084@example.com	Seed Customer 0084	Password123!	customer	true
buyer.seed0085@example.com	Seed Customer 0085	Password123!	customer	true
buyer.seed0086@example.com	Seed Customer 0086	Password123!	customer	true
buyer.seed0087@example.com	Seed Customer 0087	Password123!	customer	true
buyer.seed0088@example.com	Seed Customer 0088	Password123!	customer	true
buyer.seed0089@example.com	Seed Customer 0089	Password123!	customer	true
buyer.seed0090@example.com	Seed Customer 0090	Password123!	customer	true
buyer.seed0091@example.com	Seed Customer 0091	Password123!	customer	true
buyer.seed0092@example.com	Seed Customer 0092	Password123!	customer	true
buyer.seed0093@example.com	Seed Customer 0093	Password123!	customer	true
buyer.seed0094@example.com	Seed Customer 0094	Password123!	customer	true
buyer.seed0095@example.com	Seed Customer 0095	Password123!	customer	true
buyer.seed0096@example.com	Seed Customer 0096	Password123!	customer	true
buyer.seed0097@example.com	Seed Customer 0097	Password123!	customer	true
buyer.seed0098@example.com	Seed Customer 0098	Password123!	customer	true
buyer.seed0099@example.com	Seed Customer 0099	Password123!	customer	true
buyer.seed0100@example.com	Seed Customer 0100	Password123!	customer	true
buyer.seed0101@example.com	Seed Customer 0101	Password123!	customer	true
buyer.seed0102@example.com	Seed Customer 0102	Password123!	customer	true
buyer.seed0103@example.com	Seed Customer 0103	Password123!	customer	true
buyer.seed0104@example.com	Seed Customer 0104	Password123!	customer	true
buyer.seed0105@example.com	Seed Customer 0105	Password123!	customer	true
buyer.seed0106@example.com	Seed Customer 0106	Password123!	customer	true
buyer.seed0107@example.com	Seed Customer 0107	Password123!	customer	true
buyer.seed0108@example.com	Seed Customer 0108	Password123!	customer	true
buyer.seed0109@example.com	Seed Customer 0109	Password123!	customer	true
buyer.seed0110@example.com	Seed Customer 0110	Password123!	customer	true
buyer.seed0111@example.com	Seed Customer 0111	Password123!	customer	true
buyer.seed0112@example.com	Seed Customer 0112	Password123!	customer	true
buyer.seed0113@example.com	Seed Customer 0113	Password123!	customer	true
buyer.seed0114@example.com	Seed Customer 0114	Password123!	customer	true
buyer.seed0115@example.com	Seed Customer 0115	Password123!	customer	true
buyer.seed0116@example.com	Seed Customer 0116	Password123!	customer	true
buyer.seed0117@example.com	Seed Customer 0117	Password123!	customer	true
buyer.seed0118@example.com	Seed Customer 0118	Password123!	customer	true
buyer.seed0119@example.com	Seed Customer 0119	Password123!	customer	true
buyer.seed0120@example.com	Seed Customer 0120	Password123!	customer	true
buyer.seed0121@example.com	Seed Customer 0121	Password123!	customer	true
buyer.seed0122@example.com	Seed Customer 0122	Password123!	customer	true
buyer.seed0123@example.com	Seed Customer 0123	Password123!	customer	true
buyer.seed0124@example.com	Seed Customer 0124	Password123!	customer	true
buyer.seed0125@example.com	Seed Customer 0125	Password123!	customer	true
buyer.seed0126@example.com	Seed Customer 0126	Password123!	customer	true
buyer.seed0127@example.com	Seed Customer 0127	Password123!	customer	true
buyer.seed0128@example.com	Seed Customer 0128	Password123!	customer	true
buyer.seed0129@example.com	Seed Customer 0129	Password123!	customer	true
buyer.seed0130@example.com	Seed Customer 0130	Password123!	customer	true
buyer.seed0131@example.com	Seed Customer 0131	Password123!	customer	true
buyer.seed0132@example.com	Seed Customer 0132	Password123!	customer	true
buyer.seed0133@example.com	Seed Customer 0133	Password123!	customer	true
buyer.seed0134@example.com	Seed Customer 0134	Password123!	customer	true
buyer.seed0135@example.com	Seed Customer 0135	Password123!	customer	true
buyer.seed0136@example.com	Seed Customer 0136	Password123!	customer	true
buyer.seed0137@example.com	Seed Customer 0137	Password123!	customer	true
buyer.seed0138@example.com	Seed Customer 0138	Password123!	customer	true
buyer.seed0139@example.com	Seed Customer 0139	Password123!	customer	true
buyer.seed0140@example.com	Seed Customer 0140	Password123!	customer	true
buyer.seed0141@example.com	Seed Customer 0141	Password123!	customer	true
buyer.seed0142@example.com	Seed Customer 0142	Password123!	customer	true
buyer.seed0143@example.com	Seed Customer 0143	Password123!	customer	true
buyer.seed0144@example.com	Seed Customer 0144	Password123!	customer	true
buyer.seed0145@example.com	Seed Customer 0145	Password123!	customer	true
buyer.seed0146@example.com	Seed Customer 0146	Password123!	customer	true
buyer.seed0147@example.com	Seed Customer 0147	Password123!	customer	true
buyer.seed0148@example.com	Seed Customer 0148	Password123!	customer	true
buyer.seed0149@example.com	Seed Customer 0149	Password123!	customer	true
buyer.seed0150@example.com	Seed Customer 0150	Password123!	customer	true
buyer.seed0151@example.com	Seed Customer 0151	Password123!	customer	true
buyer.seed0152@example.com	Seed Customer 0152	Password123!	customer	true
buyer.seed0153@example.com	Seed Customer 0153	Password123!	customer	true
buyer.seed0154@example.com	Seed Customer 0154	Password123!	customer	true
buyer.seed0155@example.com	Seed Customer 0155	Password123!	customer	true
buyer.seed0156@example.com	Seed Customer 0156	Password123!	customer	true
buyer.seed0157@example.com	Seed Customer 0157	Password123!	customer	true
buyer.seed0158@example.com	Seed Customer 0158	Password123!	customer	true
buyer.seed0159@example.com	Seed Customer 0159	Password123!	customer	true
buyer.seed0160@example.com	Seed Customer 0160	Password123!	customer	true
buyer.seed0161@example.com	Seed Customer 0161	Password123!	customer	true
buyer.seed0162@example.com	Seed Customer 0162	Password123!	customer	true
buyer.seed0163@example.com	Seed Customer 0163	Password123!	customer	true
buyer.seed0164@example.com	Seed Customer 0164	Password123!	customer	true
buyer.seed0165@example.com	Seed Customer 0165	Password123!	customer	true
buyer.seed0166@example.com	Seed Customer 0166	Password123!	customer	true
buyer.seed0167@example.com	Seed Customer 0167	Password123!	customer	true
buyer.seed0168@example.com	Seed Customer 0168	Password123!	customer	true
buyer.seed0169@example.com	Seed Customer 0169	Password123!	customer	true
buyer.seed0170@example.com	Seed Customer 0170	Password123!	customer	true
buyer.seed0171@example.com	Seed Customer 0171	Password123!	customer	true
buyer.seed0172@example.com	Seed Customer 0172	Password123!	customer	true
buyer.seed0173@example.com	Seed Customer 0173	Password123!	customer	true
buyer.seed0174@example.com	Seed Customer 0174	Password123!	customer	true
buyer.seed0175@example.com	Seed Customer 0175	Password123!	customer	true
buyer.seed0176@example.com	Seed Customer 0176	Password123!	customer	true
buyer.seed0177@example.com	Seed Customer 0177	Password123!	customer	true
buyer.seed0178@example.com	Seed Customer 0178	Password123!	customer	true
buyer.seed0179@example.com	Seed Customer 0179	Password123!	customer	true
buyer.seed0180@example.com	Seed Customer 0180	Password123!	customer	true
buyer.seed0181@example.com	Seed Customer 0181	Password123!	customer	true
buyer.seed0182@example.com	Seed Customer 0182	Password123!	customer	true
buyer.seed0183@example.com	Seed Customer 0183	Password123!	customer	true
buyer.seed0184@example.com	Seed Customer 0184	Password123!	customer	true
buyer.seed0185@example.com	Seed Customer 0185	Password123!	customer	true
buyer.seed0186@example.com	Seed Customer 0186	Password123!	customer	true
buyer.seed0187@example.com	Seed Customer 0187	Password123!	customer	true
buyer.seed0188@example.com	Seed Customer 0188	Password123!	customer	true
buyer.seed0189@example.com	Seed Customer 0189	Password123!	customer	true
buyer.seed0190@example.com	Seed Customer 0190	Password123!	customer	true
buyer.seed0191@example.com	Seed Customer 0191	Password123!	customer	true
buyer.seed0192@example.com	Seed Customer 0192	Password123!	customer	true
buyer.seed0193@example.com	Seed Customer 0193	Password123!	customer	true
buyer.seed0194@example.com	Seed Customer 0194	Password123!	customer	true
buyer.seed0195@example.com	Seed Customer 0195	Password123!	customer	true
buyer.seed0196@example.com	Seed Customer 0196	Password123!	customer	true
buyer.seed0197@example.com	Seed Customer 0197	Password123!	customer	true
buyer.seed0198@example.com	Seed Customer 0198	Password123!	customer	true
buyer.seed0199@example.com	Seed Customer 0199	Password123!	customer	true
buyer.seed0200@example.com	Seed Customer 0200	Password123!	customer	true
buyer.seed0201@example.com	Seed Customer 0201	Password123!	customer	true
buyer.seed0202@example.com	Seed Customer 0202	Password123!	customer	true
buyer.seed0203@example.com	Seed Customer 0203	Password123!	customer	true
buyer.seed0204@example.com	Seed Customer 0204	Password123!	customer	true
buyer.seed0205@example.com	Seed Customer 0205	Password123!	customer	true
buyer.seed0206@example.com	Seed Customer 0206	Password123!	customer	true
buyer.seed0207@example.com	Seed Customer 0207	Password123!	customer	true
buyer.seed0208@example.com	Seed Customer 0208	Password123!	customer	true
buyer.seed0209@example.com	Seed Customer 0209	Password123!	customer	true
buyer.seed0210@example.com	Seed Customer 0210	Password123!	customer	true
buyer.seed0211@example.com	Seed Customer 0211	Password123!	customer	true
buyer.seed0212@example.com	Seed Customer 0212	Password123!	customer	true
buyer.seed0213@example.com	Seed Customer 0213	Password123!	customer	true
buyer.seed0214@example.com	Seed Customer 0214	Password123!	customer	true
buyer.seed0215@example.com	Seed Customer 0215	Password123!	customer	true
buyer.seed0216@example.com	Seed Customer 0216	Password123!	customer	true
buyer.seed0217@example.com	Seed Customer 0217	Password123!	customer	true
buyer.seed0218@example.com	Seed Customer 0218	Password123!	customer	true
buyer.seed0219@example.com	Seed Customer 0219	Password123!	customer	true
buyer.seed0220@example.com	Seed Customer 0220	Password123!	customer	true
buyer.seed0221@example.com	Seed Customer 0221	Password123!	customer	true
buyer.seed0222@example.com	Seed Customer 0222	Password123!	customer	true
buyer.seed0223@example.com	Seed Customer 0223	Password123!	customer	true
buyer.seed0224@example.com	Seed Customer 0224	Password123!	customer	true
buyer.seed0225@example.com	Seed Customer 0225	Password123!	customer	true
buyer.seed0226@example.com	Seed Customer 0226	Password123!	customer	true
buyer.seed0227@example.com	Seed Customer 0227	Password123!	customer	true
buyer.seed0228@example.com	Seed Customer 0228	Password123!	customer	true
buyer.seed0229@example.com	Seed Customer 0229	Password123!	customer	true
buyer.seed0230@example.com	Seed Customer 0230	Password123!	customer	true
buyer.seed0231@example.com	Seed Customer 0231	Password123!	customer	true
buyer.seed0232@example.com	Seed Customer 0232	Password123!	customer	true
buyer.seed0233@example.com	Seed Customer 0233	Password123!	customer	true
buyer.seed0234@example.com	Seed Customer 0234	Password123!	customer	true
buyer.seed0235@example.com	Seed Customer 0235	Password123!	customer	true
buyer.seed0236@example.com	Seed Customer 0236	Password123!	customer	true
buyer.seed0237@example.com	Seed Customer 0237	Password123!	customer	true
buyer.seed0238@example.com	Seed Customer 0238	Password123!	customer	true
buyer.seed0239@example.com	Seed Customer 0239	Password123!	customer	true
buyer.seed0240@example.com	Seed Customer 0240	Password123!	customer	true
buyer.seed0241@example.com	Seed Customer 0241	Password123!	customer	true
buyer.seed0242@example.com	Seed Customer 0242	Password123!	customer	true
buyer.seed0243@example.com	Seed Customer 0243	Password123!	customer	true
buyer.seed0244@example.com	Seed Customer 0244	Password123!	customer	true
buyer.seed0245@example.com	Seed Customer 0245	Password123!	customer	true
buyer.seed0246@example.com	Seed Customer 0246	Password123!	customer	true
buyer.seed0247@example.com	Seed Customer 0247	Password123!	customer	true
buyer.seed0248@example.com	Seed Customer 0248	Password123!	customer	true
buyer.seed0249@example.com	Seed Customer 0249	Password123!	customer	true
buyer.seed0250@example.com	Seed Customer 0250	Password123!	customer	true
buyer.seed0251@example.com	Seed Customer 0251	Password123!	customer	true
buyer.seed0252@example.com	Seed Customer 0252	Password123!	customer	true
buyer.seed0253@example.com	Seed Customer 0253	Password123!	customer	true
buyer.seed0254@example.com	Seed Customer 0254	Password123!	customer	true
buyer.seed0255@example.com	Seed Customer 0255	Password123!	customer	true
buyer.seed0256@example.com	Seed Customer 0256	Password123!	customer	true
buyer.seed0257@example.com	Seed Customer 0257	Password123!	customer	true
buyer.seed0258@example.com	Seed Customer 0258	Password123!	customer	true
buyer.seed0259@example.com	Seed Customer 0259	Password123!	customer	true
buyer.seed0260@example.com	Seed Customer 0260	Password123!	customer	true
buyer.seed0261@example.com	Seed Customer 0261	Password123!	customer	true
buyer.seed0262@example.com	Seed Customer 0262	Password123!	customer	true
buyer.seed0263@example.com	Seed Customer 0263	Password123!	customer	true
buyer.seed0264@example.com	Seed Customer 0264	Password123!	customer	true
buyer.seed0265@example.com	Seed Customer 0265	Password123!	customer	true
buyer.seed0266@example.com	Seed Customer 0266	Password123!	customer	true
buyer.seed0267@example.com	Seed Customer 0267	Password123!	customer	true
buyer.seed0268@example.com	Seed Customer 0268	Password123!	customer	true
buyer.seed0269@example.com	Seed Customer 0269	Password123!	customer	true
buyer.seed0270@example.com	Seed Customer 0270	Password123!	customer	true
buyer.seed0271@example.com	Seed Customer 0271	Password123!	customer	true
buyer.seed0272@example.com	Seed Customer 0272	Password123!	customer	true
buyer.seed0273@example.com	Seed Customer 0273	Password123!	customer	true
buyer.seed0274@example.com	Seed Customer 0274	Password123!	customer	true
buyer.seed0275@example.com	Seed Customer 0275	Password123!	customer	true
buyer.seed0276@example.com	Seed Customer 0276	Password123!	customer	true
buyer.seed0277@example.com	Seed Customer 0277	Password123!	customer	true
buyer.seed0278@example.com	Seed Customer 0278	Password123!	customer	true
buyer.seed0279@example.com	Seed Customer 0279	Password123!	customer	true
buyer.seed0280@example.com	Seed Customer 0280	Password123!	customer	true
buyer.seed0281@example.com	Seed Customer 0281	Password123!	customer	true
buyer.seed0282@example.com	Seed Customer 0282	Password123!	customer	true
buyer.seed0283@example.com	Seed Customer 0283	Password123!	customer	true
buyer.seed0284@example.com	Seed Customer 0284	Password123!	customer	true
buyer.seed0285@example.com	Seed Customer 0285	Password123!	customer	true
buyer.seed0286@example.com	Seed Customer 0286	Password123!	customer	true
buyer.seed0287@example.com	Seed Customer 0287	Password123!	customer	true
buyer.seed0288@example.com	Seed Customer 0288	Password123!	customer	true
buyer.seed0289@example.com	Seed Customer 0289	Password123!	customer	true
buyer.seed0290@example.com	Seed Customer 0290	Password123!	customer	true
buyer.seed0291@example.com	Seed Customer 0291	Password123!	customer	true
buyer.seed0292@example.com	Seed Customer 0292	Password123!	customer	true
buyer.seed0293@example.com	Seed Customer 0293	Password123!	customer	true
buyer.seed0294@example.com	Seed Customer 0294	Password123!	customer	true
buyer.seed0295@example.com	Seed Customer 0295	Password123!	customer	true
buyer.seed0296@example.com	Seed Customer 0296	Password123!	customer	true
buyer.seed0297@example.com	Seed Customer 0297	Password123!	customer	true
buyer.seed0298@example.com	Seed Customer 0298	Password123!	customer	true
buyer.seed0299@example.com	Seed Customer 0299	Password123!	customer	true
buyer.seed0300@example.com	Seed Customer 0300	Password123!	customer	true
buyer.seed0301@example.com	Seed Customer 0301	Password123!	customer	true
buyer.seed0302@example.com	Seed Customer 0302	Password123!	customer	true
buyer.seed0303@example.com	Seed Customer 0303	Password123!	customer	true
buyer.seed0304@example.com	Seed Customer 0304	Password123!	customer	true
buyer.seed0305@example.com	Seed Customer 0305	Password123!	customer	true
buyer.seed0306@example.com	Seed Customer 0306	Password123!	customer	true
buyer.seed0307@example.com	Seed Customer 0307	Password123!	customer	true
buyer.seed0308@example.com	Seed Customer 0308	Password123!	customer	true
buyer.seed0309@example.com	Seed Customer 0309	Password123!	customer	true
buyer.seed0310@example.com	Seed Customer 0310	Password123!	customer	true
buyer.seed0311@example.com	Seed Customer 0311	Password123!	customer	true
buyer.seed0312@example.com	Seed Customer 0312	Password123!	customer	true
buyer.seed0313@example.com	Seed Customer 0313	Password123!	customer	true
buyer.seed0314@example.com	Seed Customer 0314	Password123!	customer	true
buyer.seed0315@example.com	Seed Customer 0315	Password123!	customer	true
buyer.seed0316@example.com	Seed Customer 0316	Password123!	customer	true
buyer.seed0317@example.com	Seed Customer 0317	Password123!	customer	true
buyer.seed0318@example.com	Seed Customer 0318	Password123!	customer	true
buyer.seed0319@example.com	Seed Customer 0319	Password123!	customer	true
buyer.seed0320@example.com	Seed Customer 0320	Password123!	customer	true
buyer.seed0321@example.com	Seed Customer 0321	Password123!	customer	true
buyer.seed0322@example.com	Seed Customer 0322	Password123!	customer	true
buyer.seed0323@example.com	Seed Customer 0323	Password123!	customer	true
buyer.seed0324@example.com	Seed Customer 0324	Password123!	customer	true
buyer.seed0325@example.com	Seed Customer 0325	Password123!	customer	true
buyer.seed0326@example.com	Seed Customer 0326	Password123!	customer	true
buyer.seed0327@example.com	Seed Customer 0327	Password123!	customer	true
buyer.seed0328@example.com	Seed Customer 0328	Password123!	customer	true
buyer.seed0329@example.com	Seed Customer 0329	Password123!	customer	true
buyer.seed0330@example.com	Seed Customer 0330	Password123!	customer	true
buyer.seed0331@example.com	Seed Customer 0331	Password123!	customer	true
buyer.seed0332@example.com	Seed Customer 0332	Password123!	customer	true
buyer.seed0333@example.com	Seed Customer 0333	Password123!	customer	true
buyer.seed0334@example.com	Seed Customer 0334	Password123!	customer	true
buyer.seed0335@example.com	Seed Customer 0335	Password123!	customer	true
buyer.seed0336@example.com	Seed Customer 0336	Password123!	customer	true
buyer.seed0337@example.com	Seed Customer 0337	Password123!	customer	true
buyer.seed0338@example.com	Seed Customer 0338	Password123!	customer	true
buyer.seed0339@example.com	Seed Customer 0339	Password123!	customer	true
buyer.seed0340@example.com	Seed Customer 0340	Password123!	customer	true
buyer.seed0341@example.com	Seed Customer 0341	Password123!	customer	true
buyer.seed0342@example.com	Seed Customer 0342	Password123!	customer	true
buyer.seed0343@example.com	Seed Customer 0343	Password123!	customer	true
buyer.seed0344@example.com	Seed Customer 0344	Password123!	customer	true
buyer.seed0345@example.com	Seed Customer 0345	Password123!	customer	true
buyer.seed0346@example.com	Seed Customer 0346	Password123!	customer	true
buyer.seed0347@example.com	Seed Customer 0347	Password123!	customer	true
buyer.seed0348@example.com	Seed Customer 0348	Password123!	customer	true
buyer.seed0349@example.com	Seed Customer 0349	Password123!	customer	true
buyer.seed0350@example.com	Seed Customer 0350	Password123!	customer	true
buyer.seed0351@example.com	Seed Customer 0351	Password123!	customer	true
buyer.seed0352@example.com	Seed Customer 0352	Password123!	customer	true
buyer.seed0353@example.com	Seed Customer 0353	Password123!	customer	true
buyer.seed0354@example.com	Seed Customer 0354	Password123!	customer	true
buyer.seed0355@example.com	Seed Customer 0355	Password123!	customer	true
buyer.seed0356@example.com	Seed Customer 0356	Password123!	customer	true
buyer.seed0357@example.com	Seed Customer 0357	Password123!	customer	true
buyer.seed0358@example.com	Seed Customer 0358	Password123!	customer	true
buyer.seed0359@example.com	Seed Customer 0359	Password123!	customer	true
buyer.seed0360@example.com	Seed Customer 0360	Password123!	customer	true
buyer.seed0361@example.com	Seed Customer 0361	Password123!	customer	true
buyer.seed0362@example.com	Seed Customer 0362	Password123!	customer	true
buyer.seed0363@example.com	Seed Customer 0363	Password123!	customer	true
buyer.seed0364@example.com	Seed Customer 0364	Password123!	customer	true
buyer.seed0365@example.com	Seed Customer 0365	Password123!	customer	true
buyer.seed0366@example.com	Seed Customer 0366	Password123!	customer	true
buyer.seed0367@example.com	Seed Customer 0367	Password123!	customer	true
buyer.seed0368@example.com	Seed Customer 0368	Password123!	customer	true
buyer.seed0369@example.com	Seed Customer 0369	Password123!	customer	true
buyer.seed0370@example.com	Seed Customer 0370	Password123!	customer	true
buyer.seed0371@example.com	Seed Customer 0371	Password123!	customer	true
buyer.seed0372@example.com	Seed Customer 0372	Password123!	customer	true
buyer.seed0373@example.com	Seed Customer 0373	Password123!	customer	true
buyer.seed0374@example.com	Seed Customer 0374	Password123!	customer	true
buyer.seed0375@example.com	Seed Customer 0375	Password123!	customer	true
buyer.seed0376@example.com	Seed Customer 0376	Password123!	customer	true
buyer.seed0377@example.com	Seed Customer 0377	Password123!	customer	true
buyer.seed0378@example.com	Seed Customer 0378	Password123!	customer	true
buyer.seed0379@example.com	Seed Customer 0379	Password123!	customer	true
buyer.seed0380@example.com	Seed Customer 0380	Password123!	customer	true
buyer.seed0381@example.com	Seed Customer 0381	Password123!	customer	true
buyer.seed0382@example.com	Seed Customer 0382	Password123!	customer	true
buyer.seed0383@example.com	Seed Customer 0383	Password123!	customer	true
buyer.seed0384@example.com	Seed Customer 0384	Password123!	customer	true
buyer.seed0385@example.com	Seed Customer 0385	Password123!	customer	true
buyer.seed0386@example.com	Seed Customer 0386	Password123!	customer	true
buyer.seed0387@example.com	Seed Customer 0387	Password123!	customer	true
buyer.seed0388@example.com	Seed Customer 0388	Password123!	customer	true
buyer.seed0389@example.com	Seed Customer 0389	Password123!	customer	true
buyer.seed0390@example.com	Seed Customer 0390	Password123!	customer	true
buyer.seed0391@example.com	Seed Customer 0391	Password123!	customer	true
buyer.seed0392@example.com	Seed Customer 0392	Password123!	customer	true
buyer.seed0393@example.com	Seed Customer 0393	Password123!	customer	true
buyer.seed0394@example.com	Seed Customer 0394	Password123!	customer	true
buyer.seed0395@example.com	Seed Customer 0395	Password123!	customer	true
buyer.seed0396@example.com	Seed Customer 0396	Password123!	customer	true
buyer.seed0397@example.com	Seed Customer 0397	Password123!	customer	true
buyer.seed0398@example.com	Seed Customer 0398	Password123!	customer	true
buyer.seed0399@example.com	Seed Customer 0399	Password123!	customer	true
buyer.seed0400@example.com	Seed Customer 0400	Password123!	customer	true
buyer.seed0401@example.com	Seed Customer 0401	Password123!	customer	true
buyer.seed0402@example.com	Seed Customer 0402	Password123!	customer	true
buyer.seed0403@example.com	Seed Customer 0403	Password123!	customer	true
buyer.seed0404@example.com	Seed Customer 0404	Password123!	customer	true
buyer.seed0405@example.com	Seed Customer 0405	Password123!	customer	true
buyer.seed0406@example.com	Seed Customer 0406	Password123!	customer	true
buyer.seed0407@example.com	Seed Customer 0407	Password123!	customer	true
buyer.seed0408@example.com	Seed Customer 0408	Password123!	customer	true
buyer.seed0409@example.com	Seed Customer 0409	Password123!	customer	true
buyer.seed0410@example.com	Seed Customer 0410	Password123!	customer	true
buyer.seed0411@example.com	Seed Customer 0411	Password123!	customer	true
buyer.seed0412@example.com	Seed Customer 0412	Password123!	customer	true
buyer.seed0413@example.com	Seed Customer 0413	Password123!	customer	true
buyer.seed0414@example.com	Seed Customer 0414	Password123!	customer	true
buyer.seed0415@example.com	Seed Customer 0415	Password123!	customer	true
buyer.seed0416@example.com	Seed Customer 0416	Password123!	customer	true
buyer.seed0417@example.com	Seed Customer 0417	Password123!	customer	true
buyer.seed0418@example.com	Seed Customer 0418	Password123!	customer	true
buyer.seed0419@example.com	Seed Customer 0419	Password123!	customer	true
buyer.seed0420@example.com	Seed Customer 0420	Password123!	customer	true
buyer.seed0421@example.com	Seed Customer 0421	Password123!	customer	true
buyer.seed0422@example.com	Seed Customer 0422	Password123!	customer	true
buyer.seed0423@example.com	Seed Customer 0423	Password123!	customer	true
buyer.seed0424@example.com	Seed Customer 0424	Password123!	customer	true
buyer.seed0425@example.com	Seed Customer 0425	Password123!	customer	true
buyer.seed0426@example.com	Seed Customer 0426	Password123!	customer	true
buyer.seed0427@example.com	Seed Customer 0427	Password123!	customer	true
buyer.seed0428@example.com	Seed Customer 0428	Password123!	customer	true
buyer.seed0429@example.com	Seed Customer 0429	Password123!	customer	true
buyer.seed0430@example.com	Seed Customer 0430	Password123!	customer	true
buyer.seed0431@example.com	Seed Customer 0431	Password123!	customer	true
buyer.seed0432@example.com	Seed Customer 0432	Password123!	customer	true
buyer.seed0433@example.com	Seed Customer 0433	Password123!	customer	true
buyer.seed0434@example.com	Seed Customer 0434	Password123!	customer	true
buyer.seed0435@example.com	Seed Customer 0435	Password123!	customer	true
buyer.seed0436@example.com	Seed Customer 0436	Password123!	customer	true
buyer.seed0437@example.com	Seed Customer 0437	Password123!	customer	true
buyer.seed0438@example.com	Seed Customer 0438	Password123!	customer	true
buyer.seed0439@example.com	Seed Customer 0439	Password123!	customer	true
buyer.seed0440@example.com	Seed Customer 0440	Password123!	customer	true
buyer.seed0441@example.com	Seed Customer 0441	Password123!	customer	true
buyer.seed0442@example.com	Seed Customer 0442	Password123!	customer	true
buyer.seed0443@example.com	Seed Customer 0443	Password123!	customer	true
buyer.seed0444@example.com	Seed Customer 0444	Password123!	customer	true
buyer.seed0445@example.com	Seed Customer 0445	Password123!	customer	true
buyer.seed0446@example.com	Seed Customer 0446	Password123!	customer	true
buyer.seed0447@example.com	Seed Customer 0447	Password123!	customer	true
buyer.seed0448@example.com	Seed Customer 0448	Password123!	customer	true
buyer.seed0449@example.com	Seed Customer 0449	Password123!	customer	true
buyer.seed0450@example.com	Seed Customer 0450	Password123!	customer	true
buyer.seed0451@example.com	Seed Customer 0451	Password123!	customer	true
buyer.seed0452@example.com	Seed Customer 0452	Password123!	customer	true
buyer.seed0453@example.com	Seed Customer 0453	Password123!	customer	true
buyer.seed0454@example.com	Seed Customer 0454	Password123!	customer	true
buyer.seed0455@example.com	Seed Customer 0455	Password123!	customer	true
buyer.seed0456@example.com	Seed Customer 0456	Password123!	customer	true
buyer.seed0457@example.com	Seed Customer 0457	Password123!	customer	true
buyer.seed0458@example.com	Seed Customer 0458	Password123!	customer	true
buyer.seed0459@example.com	Seed Customer 0459	Password123!	customer	true
buyer.seed0460@example.com	Seed Customer 0460	Password123!	customer	true
buyer.seed0461@example.com	Seed Customer 0461	Password123!	customer	true
buyer.seed0462@example.com	Seed Customer 0462	Password123!	customer	true
buyer.seed0463@example.com	Seed Customer 0463	Password123!	customer	true
buyer.seed0464@example.com	Seed Customer 0464	Password123!	customer	true
buyer.seed0465@example.com	Seed Customer 0465	Password123!	customer	true
buyer.seed0466@example.com	Seed Customer 0466	Password123!	customer	true
buyer.seed0467@example.com	Seed Customer 0467	Password123!	customer	true
buyer.seed0468@example.com	Seed Customer 0468	Password123!	customer	true
buyer.seed0469@example.com	Seed Customer 0469	Password123!	customer	true
buyer.seed0470@example.com	Seed Customer 0470	Password123!	customer	true
buyer.seed0471@example.com	Seed Customer 0471	Password123!	customer	true
buyer.seed0472@example.com	Seed Customer 0472	Password123!	customer	true
buyer.seed0473@example.com	Seed Customer 0473	Password123!	customer	true
buyer.seed0474@example.com	Seed Customer 0474	Password123!	customer	true
buyer.seed0475@example.com	Seed Customer 0475	Password123!	customer	true
buyer.seed0476@example.com	Seed Customer 0476	Password123!	customer	true
buyer.seed0477@example.com	Seed Customer 0477	Password123!	customer	true
buyer.seed0478@example.com	Seed Customer 0478	Password123!	customer	true
buyer.seed0479@example.com	Seed Customer 0479	Password123!	customer	true
buyer.seed0480@example.com	Seed Customer 0480	Password123!	customer	true
buyer.seed0481@example.com	Seed Customer 0481	Password123!	customer	true
buyer.seed0482@example.com	Seed Customer 0482	Password123!	customer	true
buyer.seed0483@example.com	Seed Customer 0483	Password123!	customer	true
buyer.seed0484@example.com	Seed Customer 0484	Password123!	customer	true
buyer.seed0485@example.com	Seed Customer 0485	Password123!	customer	true
buyer.seed0486@example.com	Seed Customer 0486	Password123!	customer	true
buyer.seed0487@example.com	Seed Customer 0487	Password123!	customer	true
buyer.seed0488@example.com	Seed Customer 0488	Password123!	customer	true
buyer.seed0489@example.com	Seed Customer 0489	Password123!	customer	true
buyer.seed0490@example.com	Seed Customer 0490	Password123!	customer	true
buyer.seed0491@example.com	Seed Customer 0491	Password123!	customer	true
buyer.seed0492@example.com	Seed Customer 0492	Password123!	customer	true
buyer.seed0493@example.com	Seed Customer 0493	Password123!	customer	true
buyer.seed0494@example.com	Seed Customer 0494	Password123!	customer	true
buyer.seed0495@example.com	Seed Customer 0495	Password123!	customer	true
buyer.seed0496@example.com	Seed Customer 0496	Password123!	customer	true
buyer.seed0497@example.com	Seed Customer 0497	Password123!	customer	true
buyer.seed0498@example.com	Seed Customer 0498	Password123!	customer	true
buyer.seed0499@example.com	Seed Customer 0499	Password123!	customer	true
buyer.seed0500@example.com	Seed Customer 0500	Password123!	customer	true
buyer.seed0501@example.com	Seed Customer 0501	Password123!	customer	true
buyer.seed0502@example.com	Seed Customer 0502	Password123!	customer	true
buyer.seed0503@example.com	Seed Customer 0503	Password123!	customer	true
buyer.seed0504@example.com	Seed Customer 0504	Password123!	customer	true
buyer.seed0505@example.com	Seed Customer 0505	Password123!	customer	true
buyer.seed0506@example.com	Seed Customer 0506	Password123!	customer	true
buyer.seed0507@example.com	Seed Customer 0507	Password123!	customer	true
buyer.seed0508@example.com	Seed Customer 0508	Password123!	customer	true
buyer.seed0509@example.com	Seed Customer 0509	Password123!	customer	true
buyer.seed0510@example.com	Seed Customer 0510	Password123!	customer	true
buyer.seed0511@example.com	Seed Customer 0511	Password123!	customer	true
buyer.seed0512@example.com	Seed Customer 0512	Password123!	customer	true
buyer.seed0513@example.com	Seed Customer 0513	Password123!	customer	true
buyer.seed0514@example.com	Seed Customer 0514	Password123!	customer	true
buyer.seed0515@example.com	Seed Customer 0515	Password123!	customer	true
buyer.seed0516@example.com	Seed Customer 0516	Password123!	customer	true
buyer.seed0517@example.com	Seed Customer 0517	Password123!	customer	true
buyer.seed0518@example.com	Seed Customer 0518	Password123!	customer	true
buyer.seed0519@example.com	Seed Customer 0519	Password123!	customer	true
buyer.seed0520@example.com	Seed Customer 0520	Password123!	customer	true
buyer.seed0521@example.com	Seed Customer 0521	Password123!	customer	true
buyer.seed0522@example.com	Seed Customer 0522	Password123!	customer	true
buyer.seed0523@example.com	Seed Customer 0523	Password123!	customer	true
buyer.seed0524@example.com	Seed Customer 0524	Password123!	customer	true
buyer.seed0525@example.com	Seed Customer 0525	Password123!	customer	true
buyer.seed0526@example.com	Seed Customer 0526	Password123!	customer	true
buyer.seed0527@example.com	Seed Customer 0527	Password123!	customer	true
buyer.seed0528@example.com	Seed Customer 0528	Password123!	customer	true
buyer.seed0529@example.com	Seed Customer 0529	Password123!	customer	true
buyer.seed0530@example.com	Seed Customer 0530	Password123!	customer	true
buyer.seed0531@example.com	Seed Customer 0531	Password123!	customer	true
buyer.seed0532@example.com	Seed Customer 0532	Password123!	customer	true
buyer.seed0533@example.com	Seed Customer 0533	Password123!	customer	true
buyer.seed0534@example.com	Seed Customer 0534	Password123!	customer	true
buyer.seed0535@example.com	Seed Customer 0535	Password123!	customer	true
buyer.seed0536@example.com	Seed Customer 0536	Password123!	customer	true
buyer.seed0537@example.com	Seed Customer 0537	Password123!	customer	true
buyer.seed0538@example.com	Seed Customer 0538	Password123!	customer	true
buyer.seed0539@example.com	Seed Customer 0539	Password123!	customer	true
buyer.seed0540@example.com	Seed Customer 0540	Password123!	customer	true
buyer.seed0541@example.com	Seed Customer 0541	Password123!	customer	true
buyer.seed0542@example.com	Seed Customer 0542	Password123!	customer	true
buyer.seed0543@example.com	Seed Customer 0543	Password123!	customer	true
buyer.seed0544@example.com	Seed Customer 0544	Password123!	customer	true
buyer.seed0545@example.com	Seed Customer 0545	Password123!	customer	true
buyer.seed0546@example.com	Seed Customer 0546	Password123!	customer	true
buyer.seed0547@example.com	Seed Customer 0547	Password123!	customer	true
buyer.seed0548@example.com	Seed Customer 0548	Password123!	customer	true
buyer.seed0549@example.com	Seed Customer 0549	Password123!	customer	true
buyer.seed0550@example.com	Seed Customer 0550	Password123!	customer	true
buyer.seed0551@example.com	Seed Customer 0551	Password123!	customer	true
buyer.seed0552@example.com	Seed Customer 0552	Password123!	customer	true
buyer.seed0553@example.com	Seed Customer 0553	Password123!	customer	true
buyer.seed0554@example.com	Seed Customer 0554	Password123!	customer	true
buyer.seed0555@example.com	Seed Customer 0555	Password123!	customer	true
buyer.seed0556@example.com	Seed Customer 0556	Password123!	customer	true
buyer.seed0557@example.com	Seed Customer 0557	Password123!	customer	true
buyer.seed0558@example.com	Seed Customer 0558	Password123!	customer	true
buyer.seed0559@example.com	Seed Customer 0559	Password123!	customer	true
buyer.seed0560@example.com	Seed Customer 0560	Password123!	customer	true
buyer.seed0561@example.com	Seed Customer 0561	Password123!	customer	true
buyer.seed0562@example.com	Seed Customer 0562	Password123!	customer	true
buyer.seed0563@example.com	Seed Customer 0563	Password123!	customer	true
buyer.seed0564@example.com	Seed Customer 0564	Password123!	customer	true
buyer.seed0565@example.com	Seed Customer 0565	Password123!	customer	true
buyer.seed0566@example.com	Seed Customer 0566	Password123!	customer	true
buyer.seed0567@example.com	Seed Customer 0567	Password123!	customer	true
buyer.seed0568@example.com	Seed Customer 0568	Password123!	customer	true
buyer.seed0569@example.com	Seed Customer 0569	Password123!	customer	true
buyer.seed0570@example.com	Seed Customer 0570	Password123!	customer	true
buyer.seed0571@example.com	Seed Customer 0571	Password123!	customer	true
buyer.seed0572@example.com	Seed Customer 0572	Password123!	customer	true
buyer.seed0573@example.com	Seed Customer 0573	Password123!	customer	true
buyer.seed0574@example.com	Seed Customer 0574	Password123!	customer	true
buyer.seed0575@example.com	Seed Customer 0575	Password123!	customer	true
buyer.seed0576@example.com	Seed Customer 0576	Password123!	customer	true
buyer.seed0577@example.com	Seed Customer 0577	Password123!	customer	true
buyer.seed0578@example.com	Seed Customer 0578	Password123!	customer	true
buyer.seed0579@example.com	Seed Customer 0579	Password123!	customer	true
buyer.seed0580@example.com	Seed Customer 0580	Password123!	customer	true
buyer.seed0581@example.com	Seed Customer 0581	Password123!	customer	true
buyer.seed0582@example.com	Seed Customer 0582	Password123!	customer	true
buyer.seed0583@example.com	Seed Customer 0583	Password123!	customer	true
buyer.seed0584@example.com	Seed Customer 0584	Password123!	customer	true
buyer.seed0585@example.com	Seed Customer 0585	Password123!	customer	true
buyer.seed0586@example.com	Seed Customer 0586	Password123!	customer	true
buyer.seed0587@example.com	Seed Customer 0587	Password123!	customer	true
buyer.seed0588@example.com	Seed Customer 0588	Password123!	customer	true
buyer.seed0589@example.com	Seed Customer 0589	Password123!	customer	true
buyer.seed0590@example.com	Seed Customer 0590	Password123!	customer	true
buyer.seed0591@example.com	Seed Customer 0591	Password123!	customer	true
buyer.seed0592@example.com	Seed Customer 0592	Password123!	customer	true
buyer.seed0593@example.com	Seed Customer 0593	Password123!	customer	true
buyer.seed0594@example.com	Seed Customer 0594	Password123!	customer	true
buyer.seed0595@example.com	Seed Customer 0595	Password123!	customer	true
buyer.seed0596@example.com	Seed Customer 0596	Password123!	customer	true
buyer.seed0597@example.com	Seed Customer 0597	Password123!	customer	true
buyer.seed0598@example.com	Seed Customer 0598	Password123!	customer	true
buyer.seed0599@example.com	Seed Customer 0599	Password123!	customer	true
buyer.seed0600@example.com	Seed Customer 0600	Password123!	customer	true
buyer.seed0601@example.com	Seed Customer 0601	Password123!	customer	true
buyer.seed0602@example.com	Seed Customer 0602	Password123!	customer	true
buyer.seed0603@example.com	Seed Customer 0603	Password123!	customer	true
buyer.seed0604@example.com	Seed Customer 0604	Password123!	customer	true
buyer.seed0605@example.com	Seed Customer 0605	Password123!	customer	true
buyer.seed0606@example.com	Seed Customer 0606	Password123!	customer	true
buyer.seed0607@example.com	Seed Customer 0607	Password123!	customer	true
buyer.seed0608@example.com	Seed Customer 0608	Password123!	customer	true
buyer.seed0609@example.com	Seed Customer 0609	Password123!	customer	true
buyer.seed0610@example.com	Seed Customer 0610	Password123!	customer	true
buyer.seed0611@example.com	Seed Customer 0611	Password123!	customer	true
buyer.seed0612@example.com	Seed Customer 0612	Password123!	customer	true
buyer.seed0613@example.com	Seed Customer 0613	Password123!	customer	true
buyer.seed0614@example.com	Seed Customer 0614	Password123!	customer	true
buyer.seed0615@example.com	Seed Customer 0615	Password123!	customer	true
buyer.seed0616@example.com	Seed Customer 0616	Password123!	customer	true
buyer.seed0617@example.com	Seed Customer 0617	Password123!	customer	true
buyer.seed0618@example.com	Seed Customer 0618	Password123!	customer	true
buyer.seed0619@example.com	Seed Customer 0619	Password123!	customer	true
buyer.seed0620@example.com	Seed Customer 0620	Password123!	customer	true
buyer.seed0621@example.com	Seed Customer 0621	Password123!	customer	true
buyer.seed0622@example.com	Seed Customer 0622	Password123!	customer	true
buyer.seed0623@example.com	Seed Customer 0623	Password123!	customer	true
buyer.seed0624@example.com	Seed Customer 0624	Password123!	customer	true
buyer.seed0625@example.com	Seed Customer 0625	Password123!	customer	true
buyer.seed0626@example.com	Seed Customer 0626	Password123!	customer	true
buyer.seed0627@example.com	Seed Customer 0627	Password123!	customer	true
buyer.seed0628@example.com	Seed Customer 0628	Password123!	customer	true
buyer.seed0629@example.com	Seed Customer 0629	Password123!	customer	true
buyer.seed0630@example.com	Seed Customer 0630	Password123!	customer	true
buyer.seed0631@example.com	Seed Customer 0631	Password123!	customer	true
buyer.seed0632@example.com	Seed Customer 0632	Password123!	customer	true
buyer.seed0633@example.com	Seed Customer 0633	Password123!	customer	true
buyer.seed0634@example.com	Seed Customer 0634	Password123!	customer	true
buyer.seed0635@example.com	Seed Customer 0635	Password123!	customer	true
buyer.seed0636@example.com	Seed Customer 0636	Password123!	customer	true
buyer.seed0637@example.com	Seed Customer 0637	Password123!	customer	true
buyer.seed0638@example.com	Seed Customer 0638	Password123!	customer	true
buyer.seed0639@example.com	Seed Customer 0639	Password123!	customer	true
buyer.seed0640@example.com	Seed Customer 0640	Password123!	customer	true
buyer.seed0641@example.com	Seed Customer 0641	Password123!	customer	true
buyer.seed0642@example.com	Seed Customer 0642	Password123!	customer	true
buyer.seed0643@example.com	Seed Customer 0643	Password123!	customer	true
buyer.seed0644@example.com	Seed Customer 0644	Password123!	customer	true
buyer.seed0645@example.com	Seed Customer 0645	Password123!	customer	true
buyer.seed0646@example.com	Seed Customer 0646	Password123!	customer	true
buyer.seed0647@example.com	Seed Customer 0647	Password123!	customer	true
buyer.seed0648@example.com	Seed Customer 0648	Password123!	customer	true
buyer.seed0649@example.com	Seed Customer 0649	Password123!	customer	true
buyer.seed0650@example.com	Seed Customer 0650	Password123!	customer	true
buyer.seed0651@example.com	Seed Customer 0651	Password123!	customer	true
buyer.seed0652@example.com	Seed Customer 0652	Password123!	customer	true
buyer.seed0653@example.com	Seed Customer 0653	Password123!	customer	true
buyer.seed0654@example.com	Seed Customer 0654	Password123!	customer	true
buyer.seed0655@example.com	Seed Customer 0655	Password123!	customer	true
buyer.seed0656@example.com	Seed Customer 0656	Password123!	customer	true
buyer.seed0657@example.com	Seed Customer 0657	Password123!	customer	true
buyer.seed0658@example.com	Seed Customer 0658	Password123!	customer	true
buyer.seed0659@example.com	Seed Customer 0659	Password123!	customer	true
buyer.seed0660@example.com	Seed Customer 0660	Password123!	customer	true
buyer.seed0661@example.com	Seed Customer 0661	Password123!	customer	true
buyer.seed0662@example.com	Seed Customer 0662	Password123!	customer	true
buyer.seed0663@example.com	Seed Customer 0663	Password123!	customer	true
buyer.seed0664@example.com	Seed Customer 0664	Password123!	customer	true
buyer.seed0665@example.com	Seed Customer 0665	Password123!	customer	true
buyer.seed0666@example.com	Seed Customer 0666	Password123!	customer	true
buyer.seed0667@example.com	Seed Customer 0667	Password123!	customer	true
buyer.seed0668@example.com	Seed Customer 0668	Password123!	customer	true
buyer.seed0669@example.com	Seed Customer 0669	Password123!	customer	true
buyer.seed0670@example.com	Seed Customer 0670	Password123!	customer	true
buyer.seed0671@example.com	Seed Customer 0671	Password123!	customer	true
buyer.seed0672@example.com	Seed Customer 0672	Password123!	customer	true
buyer.seed0673@example.com	Seed Customer 0673	Password123!	customer	true
buyer.seed0674@example.com	Seed Customer 0674	Password123!	customer	true
buyer.seed0675@example.com	Seed Customer 0675	Password123!	customer	true
buyer.seed0676@example.com	Seed Customer 0676	Password123!	customer	true
buyer.seed0677@example.com	Seed Customer 0677	Password123!	customer	true
buyer.seed0678@example.com	Seed Customer 0678	Password123!	customer	true
buyer.seed0679@example.com	Seed Customer 0679	Password123!	customer	true
buyer.seed0680@example.com	Seed Customer 0680	Password123!	customer	true
buyer.seed0681@example.com	Seed Customer 0681	Password123!	customer	true
buyer.seed0682@example.com	Seed Customer 0682	Password123!	customer	true
buyer.seed0683@example.com	Seed Customer 0683	Password123!	customer	true
buyer.seed0684@example.com	Seed Customer 0684	Password123!	customer	true
buyer.seed0685@example.com	Seed Customer 0685	Password123!	customer	true
buyer.seed0686@example.com	Seed Customer 0686	Password123!	customer	true
buyer.seed0687@example.com	Seed Customer 0687	Password123!	customer	true
buyer.seed0688@example.com	Seed Customer 0688	Password123!	customer	true
buyer.seed0689@example.com	Seed Customer 0689	Password123!	customer	true
buyer.seed0690@example.com	Seed Customer 0690	Password123!	customer	true
buyer.seed0691@example.com	Seed Customer 0691	Password123!	customer	true
buyer.seed0692@example.com	Seed Customer 0692	Password123!	customer	true
buyer.seed0693@example.com	Seed Customer 0693	Password123!	customer	true
buyer.seed0694@example.com	Seed Customer 0694	Password123!	customer	true
buyer.seed0695@example.com	Seed Customer 0695	Password123!	customer	true
buyer.seed0696@example.com	Seed Customer 0696	Password123!	customer	true
buyer.seed0697@example.com	Seed Customer 0697	Password123!	customer	true
buyer.seed0698@example.com	Seed Customer 0698	Password123!	customer	true
buyer.seed0699@example.com	Seed Customer 0699	Password123!	customer	true
buyer.seed0700@example.com	Seed Customer 0700	Password123!	customer	true
buyer.seed0701@example.com	Seed Customer 0701	Password123!	customer	true
buyer.seed0702@example.com	Seed Customer 0702	Password123!	customer	true
buyer.seed0703@example.com	Seed Customer 0703	Password123!	customer	true
buyer.seed0704@example.com	Seed Customer 0704	Password123!	customer	true
buyer.seed0705@example.com	Seed Customer 0705	Password123!	customer	true
buyer.seed0706@example.com	Seed Customer 0706	Password123!	customer	true
buyer.seed0707@example.com	Seed Customer 0707	Password123!	customer	true
buyer.seed0708@example.com	Seed Customer 0708	Password123!	customer	true
buyer.seed0709@example.com	Seed Customer 0709	Password123!	customer	true
buyer.seed0710@example.com	Seed Customer 0710	Password123!	customer	true
buyer.seed0711@example.com	Seed Customer 0711	Password123!	customer	true
buyer.seed0712@example.com	Seed Customer 0712	Password123!	customer	true
buyer.seed0713@example.com	Seed Customer 0713	Password123!	customer	true
buyer.seed0714@example.com	Seed Customer 0714	Password123!	customer	true
buyer.seed0715@example.com	Seed Customer 0715	Password123!	customer	true
buyer.seed0716@example.com	Seed Customer 0716	Password123!	customer	true
buyer.seed0717@example.com	Seed Customer 0717	Password123!	customer	true
buyer.seed0718@example.com	Seed Customer 0718	Password123!	customer	true
buyer.seed0719@example.com	Seed Customer 0719	Password123!	customer	true
buyer.seed0720@example.com	Seed Customer 0720	Password123!	customer	true
buyer.seed0721@example.com	Seed Customer 0721	Password123!	customer	true
buyer.seed0722@example.com	Seed Customer 0722	Password123!	customer	true
buyer.seed0723@example.com	Seed Customer 0723	Password123!	customer	true
buyer.seed0724@example.com	Seed Customer 0724	Password123!	customer	true
buyer.seed0725@example.com	Seed Customer 0725	Password123!	customer	true
buyer.seed0726@example.com	Seed Customer 0726	Password123!	customer	true
buyer.seed0727@example.com	Seed Customer 0727	Password123!	customer	true
buyer.seed0728@example.com	Seed Customer 0728	Password123!	customer	true
buyer.seed0729@example.com	Seed Customer 0729	Password123!	customer	true
buyer.seed0730@example.com	Seed Customer 0730	Password123!	customer	true
buyer.seed0731@example.com	Seed Customer 0731	Password123!	customer	true
buyer.seed0732@example.com	Seed Customer 0732	Password123!	customer	true
buyer.seed0733@example.com	Seed Customer 0733	Password123!	customer	true
buyer.seed0734@example.com	Seed Customer 0734	Password123!	customer	true
buyer.seed0735@example.com	Seed Customer 0735	Password123!	customer	true
buyer.seed0736@example.com	Seed Customer 0736	Password123!	customer	true
buyer.seed0737@example.com	Seed Customer 0737	Password123!	customer	true
buyer.seed0738@example.com	Seed Customer 0738	Password123!	customer	true
buyer.seed0739@example.com	Seed Customer 0739	Password123!	customer	true
buyer.seed0740@example.com	Seed Customer 0740	Password123!	customer	true
buyer.seed0741@example.com	Seed Customer 0741	Password123!	customer	true
buyer.seed0742@example.com	Seed Customer 0742	Password123!	customer	true
buyer.seed0743@example.com	Seed Customer 0743	Password123!	customer	true
buyer.seed0744@example.com	Seed Customer 0744	Password123!	customer	true
buyer.seed0745@example.com	Seed Customer 0745	Password123!	customer	true
buyer.seed0746@example.com	Seed Customer 0746	Password123!	customer	true
buyer.seed0747@example.com	Seed Customer 0747	Password123!	customer	true
buyer.seed0748@example.com	Seed Customer 0748	Password123!	customer	true
buyer.seed0749@example.com	Seed Customer 0749	Password123!	customer	true
buyer.seed0750@example.com	Seed Customer 0750	Password123!	customer	true
