conversation_key	sender_email	body	message_type	metadata_json	created_at	edited_at
olive-dress-member	member@example.com	Hi, is the Linen Weekend Dress slightly see-through in daylight?	text		2026-06-10T08:01:00.000Z	
olive-dress-member	maker.olive@example.com	It has a light airy weave, but we lined the main body so it is not sheer for everyday wear.	text		2026-06-10T08:05:00.000Z	
olive-dress-member	member@example.com	Good to know. Does it fit loose at the waist?	text		2026-06-10T08:08:00.000Z	
olive-dress-member	maker.olive@example.com	Yes, it is cut relaxed through the waist and meant to drape instead of sitting tight.	text		2026-06-10T08:11:00.000Z	
olive-dress-member	member@example.com	That sounds close to what I want. I usually sit between a small and medium, so I am trying to figure out which one will give me that loose look without feeling oversized.	text		2026-06-10T08:14:00.000Z	
olive-dress-member	maker.olive@example.com	If you are between sizes, small will still look relaxed because the shoulder and waist are already cut easy. Medium gives more volume through the skirt and a bit more length.	text		2026-06-10T08:18:00.000Z	
olive-dress-member	member@example.com	Would the medium be much longer? I am about 165 cm and I do not want it to hit too low on the calf.	text		2026-06-10T08:22:00.000Z	
olive-dress-member	maker.olive@example.com	On someone around 165 cm, the small usually lands mid-calf and the medium drops a little lower, closer to lower calf. The difference is noticeable but not dramatic.	text		2026-06-10T08:27:00.000Z	
olive-dress-member	member@example.com	That helps. Is the fabric soft from the start or does it need a few washes to relax?	text		2026-06-10T08:31:00.000Z	
olive-dress-member	maker.olive@example.com	It feels soft right away, but the linen does relax even more after the first couple of washes. It gets a slightly more fluid drape over time.	text		2026-06-10T08:35:00.000Z	
olive-dress-member	member@example.com	Does it wrinkle very easily when packed for travel? I am thinking of taking it on a short trip next month.	text		2026-06-10T08:39:00.000Z	
olive-dress-member	maker.olive@example.com	It will show natural linen creasing if folded in a suitcase, but hanging it overnight usually softens most of the wrinkles. A quick steam makes it crisp again if needed.	text		2026-06-10T08:43:00.000Z	
olive-dress-member	member@example.com	Okay. One more thing, are there pockets? I almost always ask because that decides whether I wear a dress often.	text		2026-06-10T08:47:00.000Z	
olive-dress-member	maker.olive@example.com	Yes, it has side seam pockets on both sides. They sit flat enough that they do not bulk out the shape.	text		2026-06-10T08:51:00.000Z	
olive-dress-member	member@example.com	Great, that is a big plus. How should I wash it to keep the shape?	text		2026-06-10T08:55:00.000Z	
olive-dress-member	maker.olive@example.com	Cold gentle wash, mild detergent, and hang dry is best. If you prefer a cleaner silhouette, steam or warm iron while it is still slightly damp.	text		2026-06-10T08:58:00.000Z	
olive-dress-member	member@example.com	Last question, when would it ship if I order this afternoon? I am in Ho Chi Minh City.	text		2026-06-10T09:02:00.000Z	
olive-dress-member	maker.olive@example.com	If the order comes through today, I can usually dispatch the next business day. Delivery timing depends on the selected service, but I can pack it quickly on my side.	text		2026-06-10T09:06:00.000Z	
olive-dress-member	member@example.com	I am also wondering whether the waist tie is removable or fixed into the side seams.	text		2026-06-10T09:10:00.000Z	
olive-dress-member	maker.olive@example.com	The waist tie is removable, so you can wear the dress loose, tied in front, or tied at the back.	text		2026-06-10T09:14:00.000Z	
olive-dress-member	member@example.com	That is useful. Does it look unfinished if I wear it without the tie?	text		2026-06-10T09:18:00.000Z	
olive-dress-member	maker.olive@example.com	No, the side loops are subtle and the dress is designed to work either way. Without the tie it reads more relaxed.	text		2026-06-10T09:22:00.000Z	
olive-dress-member	member@example.com	Can the sleeves be rolled comfortably, or are they too narrow at the cuff?	text		2026-06-10T09:26:00.000Z	
olive-dress-member	maker.olive@example.com	They roll comfortably once or twice. The cuff is not tight, so it should sit neatly above the wrist.	text		2026-06-10T09:30:00.000Z	
olive-dress-member	member@example.com	Would you say the color is closer to oatmeal or a cooler natural linen shade?	text		2026-06-10T09:34:00.000Z	
olive-dress-member	maker.olive@example.com	It is closer to oatmeal, with a warm natural linen tone rather than a cool grey beige.	text		2026-06-10T09:38:00.000Z	
olive-dress-member	member@example.com	Thanks. I am trying to match it with brown sandals and a woven bag.	text		2026-06-10T09:42:00.000Z	
olive-dress-member	maker.olive@example.com	That pairing should work well. The fabric has enough warmth to sit nicely with brown leather and raffia textures.	text		2026-06-10T09:46:00.000Z	
olive-dress-member	member@example.com	Is the lining cotton or the same linen blend as the outer layer?	text		2026-06-10T09:50:00.000Z	
olive-dress-member	maker.olive@example.com	The lining is a lightweight cotton voile through the body, chosen to keep it breathable and soft against skin.	text		2026-06-10T09:54:00.000Z	
olive-dress-member	member@example.com	Does the lining extend into the sleeves?	text		2026-06-10T09:58:00.000Z	
olive-dress-member	maker.olive@example.com	No, the sleeves are unlined so they stay airy. The body is lined for coverage.	text		2026-06-10T10:02:00.000Z	
olive-dress-member	member@example.com	That makes sense. Is there any stretch in the fabric?	text		2026-06-10T10:06:00.000Z	
olive-dress-member	maker.olive@example.com	There is no mechanical stretch, but the relaxed cut gives enough movement for sitting and walking.	text		2026-06-10T10:10:00.000Z	
olive-dress-member	member@example.com	Would it be comfortable for a full day out, including a lot of walking?	text		2026-06-10T10:14:00.000Z	
olive-dress-member	maker.olive@example.com	Yes, that is exactly the use case. It is light, breathable, and roomy without feeling oversized.	text		2026-06-10T10:18:00.000Z	
olive-dress-member	member@example.com	If I order two sizes, can I return the one that does not fit?	text		2026-06-10T10:22:00.000Z	
olive-dress-member	maker.olive@example.com	You can return an unworn item according to the shop return window. Please keep tags attached and original packaging if possible.	text		2026-06-10T10:26:00.000Z	
olive-dress-member	member@example.com	Good to know. Are the buttons real shell or plastic?	text		2026-06-10T10:30:00.000Z	
olive-dress-member	maker.olive@example.com	They are corozo buttons, so they have a natural look and a slightly warmer finish than standard plastic.	text		2026-06-10T10:34:00.000Z	
olive-dress-member	member@example.com	Nice detail. Does the front placket open all the way down?	text		2026-06-10T10:38:00.000Z	
olive-dress-member	maker.olive@example.com	The placket opens to the waist, not the full length, so it keeps the dress easy while preserving the skirt shape.	text		2026-06-10T10:42:00.000Z	
olive-dress-member	member@example.com	Would that make it nursing friendly or not really?	text		2026-06-10T10:46:00.000Z	
olive-dress-member	maker.olive@example.com	It may work for some people because the upper placket opens, but I would not market it as specifically nursing friendly.	text		2026-06-10T10:50:00.000Z	
olive-dress-member	member@example.com	Understood. How transparent is the skirt in strong sun?	text		2026-06-10T10:54:00.000Z	
olive-dress-member	maker.olive@example.com	The cotton voile lining gives good coverage. In direct strong sun, nude-toned undergarments are still the safest option.	text		2026-06-10T10:58:00.000Z	
olive-dress-member	member@example.com	Does the fabric shrink after washing?	text		2026-06-10T11:02:00.000Z	
olive-dress-member	maker.olive@example.com	It is pre-washed, so shrinkage should be minimal if you use cold wash and hang dry. Avoid high heat drying.	text		2026-06-10T11:06:00.000Z	
olive-dress-member	member@example.com	Can I iron it on a higher linen setting?	text		2026-06-10T11:10:00.000Z	
olive-dress-member	maker.olive@example.com	A warm to medium-hot iron is fine while slightly damp. Use steam and avoid pressing directly on buttons.	text		2026-06-10T11:14:00.000Z	
olive-dress-member	member@example.com	How is the shoulder fit compared with the product photos?	text		2026-06-10T11:18:00.000Z	
olive-dress-member	maker.olive@example.com	The shoulder is intentionally soft and slightly dropped. If you want it closer to the body, choose the smaller size.	text		2026-06-10T11:22:00.000Z	
olive-dress-member	member@example.com	Is the model wearing a small in the listing?	text		2026-06-10T11:26:00.000Z	
olive-dress-member	maker.olive@example.com	Yes, the model is wearing a small. She is about 168 cm, and the dress lands around mid-calf on her.	text		2026-06-10T11:30:00.000Z	
olive-dress-member	member@example.com	That reference helps. I think small is probably right for me.	text		2026-06-10T11:34:00.000Z	
olive-dress-member	maker.olive@example.com	I agree based on what you described. Small should give you the relaxed shape without too much shoulder volume.	text		2026-06-10T11:38:00.000Z	
olive-dress-member	member@example.com	Can you hold one until this evening, or does stock update automatically?	text		2026-06-10T11:42:00.000Z	
olive-dress-member	maker.olive@example.com	Stock updates automatically, so I cannot formally reserve it, but there are still a few smalls available right now.	text		2026-06-10T11:46:00.000Z	
olive-dress-member	member@example.com	Okay, I will order soon. Thanks for answering all these details.	text		2026-06-10T11:50:00.000Z	
olive-dress-member	maker.olive@example.com	You are very welcome. Send a note with the order if you want me to double-check the size before packing.	text		2026-06-10T11:54:00.000Z	
olive-dress-member	member@example.com	I just placed the order in size small and added the note.	text		2026-06-10T11:58:00.000Z	
olive-dress-member	maker.olive@example.com	I see it now. I will prepare the small and message you if anything looks off before dispatch.	text		2026-06-10T12:02:00.000Z	
olive-dress-member	member@example.com	Perfect. If possible, please avoid folding it too tightly in the package.	text		2026-06-10T12:06:00.000Z	
olive-dress-member	maker.olive@example.com	Absolutely. I will fold it loosely with tissue so it arrives as neatly as possible.	text		2026-06-10T12:10:00.000Z	
olive-dress-member	member@example.com	Thanks again. I am looking forward to wearing it on my trip.	text		2026-06-10T12:14:00.000Z	
reed-sony-member	member@example.com	Are the Sony WH-1000XM6 headphones foldable for travel?	text		2026-06-11T10:02:00.000Z	
reed-sony-member	maker.mason@example.com	Yes, the hinges fold inward and the set packs down easily for a backpack or carry case.	text		2026-06-11T10:06:00.000Z	
reed-sony-member	member@example.com	Can they still be used with a cable when the battery is low?	text		2026-06-11T10:12:00.000Z	
reed-sony-member	maker.mason@example.com	Yes, you can keep listening over a wired connection as well.	text		2026-06-11T10:16:00.000Z	
reed-sony-member	member@example.com	Perfect, that covers what I needed.	text		2026-06-11T10:22:00.000Z	
juno-dualsense-member	member@example.com	Does the DualSense controller include a charging cable in this listing?	text		2026-06-12T14:01:00.000Z	
juno-dualsense-member	maker.juno@example.com	This listing is for the controller only, so you would need a separate USB-C cable.	text		2026-06-12T14:04:00.000Z	
juno-dualsense-member	member@example.com	Understood. Is it the standard white finish?	text		2026-06-12T14:05:00.000Z	
juno-dualsense-member	maker.juno@example.com	Yes, standard white with the usual black accent trim.	text		2026-06-12T14:12:00.000Z	
olive-dress-aiden	buyer.aiden@example.com	Hi, can you help me choose a size for the Linen Weekend Dress?	text		2026-06-13T09:01:00.000Z	
olive-dress-aiden	maker.olive@example.com	Of course. The dress is relaxed through the waist, so most buyers choose their usual size unless they want extra length.	text		2026-06-13T09:04:00.000Z	
olive-dress-aiden	buyer.aiden@example.com	That helps. I want the easy fit but not too much fabric around the shoulders.	text		2026-06-13T09:06:00.000Z	
olive-tote-luna	buyer.luna@example.com	Is the Canvas Market Tote structured enough for a laptop and a water bottle?	text		2026-06-13T09:31:00.000Z	
olive-tote-luna	maker.olive@example.com	It has a firm canvas body and reinforced handles, so it works well for daily carry without feeling stiff.	text		2026-06-13T09:34:00.000Z	
olive-tote-luna	buyer.luna@example.com	Great. I mostly need it for commuting and weekend errands.	text		2026-06-13T09:36:00.000Z	
olive-dress-mason	buyer.mason@example.com	Does the Linen Weekend Dress need ironing after every wash?	text		2026-06-13T10:01:00.000Z	
olive-dress-mason	maker.olive@example.com	Not every time. Hang drying keeps it neat, and a light steam is enough if you want a sharper look.	text		2026-06-13T10:04:00.000Z	
olive-dress-mason	buyer.mason@example.com	Perfect, I prefer low maintenance pieces for travel.	text		2026-06-13T10:06:00.000Z	
olive-tote-sophia	buyer.sophia@example.com	Can the tote stand upright when it is partly full?	text		2026-06-13T10:31:00.000Z	
olive-tote-sophia	maker.olive@example.com	Yes, the base has enough structure to sit upright with books, a laptop sleeve, or folded layers inside.	text		2026-06-13T10:34:00.000Z	
olive-tote-sophia	buyer.sophia@example.com	Thanks. That is exactly what I wanted to check before ordering.	text		2026-06-13T10:36:00.000Z	
olive-dress-ethan	buyer.ethan@example.com	Is the dress fabric heavy or more breathable for warm weather?	text		2026-06-13T11:01:00.000Z	
olive-dress-ethan	maker.olive@example.com	It is breathable linen with a light lining through the body, so it is meant for warm days while still giving coverage.	text		2026-06-13T11:04:00.000Z	
olive-dress-ethan	buyer.ethan@example.com	Good to know. I am buying it as a gift for someone who runs warm.	text		2026-06-13T11:06:00.000Z	
olive-tote-chloe	buyer.chloe@example.com	Are the tote handles comfortable on the shoulder when the bag is full?	text		2026-06-13T11:31:00.000Z	
olive-tote-chloe	maker.olive@example.com	The handles are wide enough for shoulder carry and stitched through the body so they distribute weight better.	text		2026-06-13T11:34:00.000Z	
olive-tote-chloe	buyer.chloe@example.com	That sounds good for groceries and work items.	text		2026-06-13T11:36:00.000Z	
olive-dress-jack	buyer.jack@example.com	Does the Linen Weekend Dress have pockets on both sides?	text		2026-06-13T12:01:00.000Z	
olive-dress-jack	maker.olive@example.com	Yes, it has side pockets on both sides, and they are set into the seam so they stay fairly flat.	text		2026-06-13T12:04:00.000Z	
olive-dress-jack	buyer.jack@example.com	Excellent. Pockets are the detail I was hoping for.	text		2026-06-13T12:06:00.000Z	
olive-tote-zoe	buyer.zoe@example.com	Can the Canvas Market Tote fit a folded jacket along with small purchases?	text		2026-06-13T12:31:00.000Z	
olive-tote-zoe	maker.olive@example.com	Yes, it has enough room for a light jacket, wallet, phone, and several market items without stretching the seams.	text		2026-06-13T12:34:00.000Z	
olive-tote-zoe	buyer.zoe@example.com	Great, I will use it for short weekend trips.	text		2026-06-13T12:36:00.000Z	
olive-dress-nolan	buyer.nolan@example.com	Would the Linen Weekend Dress work with flat sandals, or is it more formal?	text		2026-06-13T13:01:00.000Z	
olive-dress-nolan	maker.olive@example.com	It is casual enough for flat sandals but can dress up with a belt or jewelry, so it is flexible for day plans.	text		2026-06-13T13:04:00.000Z	
olive-dress-nolan	buyer.nolan@example.com	That versatility is helpful. Thanks for the quick answer.	text		2026-06-13T13:06:00.000Z	
reed-yamaha-aiden	buyer.aiden@example.com	Are the Yamaha headphones comfortable for long editing sessions?	text		2026-06-14T09:01:00.000Z	
reed-yamaha-aiden	maker.mason@example.com	They have a firm studio fit with padded cups, so they are stable for long sessions without feeling loose.	text		2026-06-14T09:04:00.000Z	
reed-yamaha-aiden	buyer.aiden@example.com	Thanks. I need something that stays consistent during several hours of work.	text		2026-06-14T09:06:00.000Z	
reed-sony-luna	buyer.luna@example.com	Do the Sony headphones support quick charging before a flight?	text		2026-06-14T09:31:00.000Z	
reed-sony-luna	maker.mason@example.com	Yes, they support quick top-ups, which is useful when you only have a short charging window before travel.	text		2026-06-14T09:34:00.000Z	
reed-sony-luna	buyer.luna@example.com	Perfect. I wanted a travel pair for long airport days.	text		2026-06-14T09:36:00.000Z	
reed-yamaha-mason	buyer.mason@example.com	Is the Yamaha pair better for monitoring than casual listening?	text		2026-06-14T10:01:00.000Z	
reed-yamaha-mason	maker.mason@example.com	Yes, the tuning is more neutral and detailed, so it is best for monitoring, editing, and focused desk listening.	text		2026-06-14T10:04:00.000Z	
reed-yamaha-mason	buyer.mason@example.com	That is what I needed. I am comparing it against a consumer headset.	text		2026-06-14T10:06:00.000Z	
reed-sony-sophia	buyer.sophia@example.com	Can the Sony headphones pair with both my laptop and phone?	text		2026-06-14T10:31:00.000Z	
reed-sony-sophia	maker.mason@example.com	Yes, they support multipoint pairing, so switching between a laptop call and phone audio is straightforward.	text		2026-06-14T10:34:00.000Z	
reed-sony-sophia	buyer.sophia@example.com	Great. That is useful for work calls.	text		2026-06-14T10:36:00.000Z	
reed-yamaha-ethan	buyer.ethan@example.com	Does the Yamaha cable detach for storage?	text		2026-06-14T11:01:00.000Z	
reed-yamaha-ethan	maker.mason@example.com	Yes, the cable is detachable, which makes it easier to store the headphones and replace the cable later.	text		2026-06-14T11:04:00.000Z	
reed-yamaha-ethan	buyer.ethan@example.com	Good. Replaceable cable matters for studio gear.	text		2026-06-14T11:06:00.000Z	
reed-sony-chloe	buyer.chloe@example.com	How strong is the noise cancellation for daily commuting?	text		2026-06-14T11:31:00.000Z	
reed-sony-chloe	maker.mason@example.com	It is strong for train, bus, and office background noise, and you can adjust ambient sound when you need awareness.	text		2026-06-14T11:34:00.000Z	
reed-sony-chloe	buyer.chloe@example.com	That sounds right for my commute. Thanks.	text		2026-06-14T11:36:00.000Z	
reed-yamaha-jack	buyer.jack@example.com	Would you recommend the Yamaha headphones for podcast editing?	text		2026-06-14T12:01:00.000Z	
reed-yamaha-jack	maker.mason@example.com	Yes, they are a good fit for spoken-word editing because the midrange is clear and details are easy to hear.	text		2026-06-14T12:04:00.000Z	
reed-yamaha-jack	buyer.jack@example.com	Excellent. I mostly edit dialogue, so that helps.	text		2026-06-14T12:06:00.000Z	
reed-sony-zoe	buyer.zoe@example.com	Do the Sony headphones come with a travel case?	text		2026-06-14T12:31:00.000Z	
reed-sony-zoe	maker.mason@example.com	Yes, the listing includes the travel case, so you can pack them safely in a backpack or carry-on.	text		2026-06-14T12:34:00.000Z	
reed-sony-zoe	buyer.zoe@example.com	Great. That answers my main concern.	text		2026-06-14T12:36:00.000Z	
reed-yamaha-nolan	buyer.nolan@example.com	Is the Yamaha headband adjustable enough for larger heads?	text		2026-06-14T13:01:00.000Z	
reed-yamaha-nolan	maker.mason@example.com	The headband has a broad adjustment range and the clamp is secure without being extreme for most buyers.	text		2026-06-14T13:04:00.000Z	
reed-yamaha-nolan	buyer.nolan@example.com	Thanks. Fit was the only thing I was unsure about.	text		2026-06-14T13:06:00.000Z	
juno-xbox-aiden	buyer.aiden@example.com	Is the Xbox Wireless Controller compatible with Windows over Bluetooth?	text		2026-06-15T09:01:00.000Z	
juno-xbox-aiden	maker.juno@example.com	Yes, it pairs with Windows over Bluetooth, and you can also use USB-C if you prefer a wired setup.	text		2026-06-15T09:04:00.000Z	
juno-xbox-aiden	buyer.aiden@example.com	Perfect. I switch between couch play and desk play.	text		2026-06-15T09:06:00.000Z	
juno-dualsense-luna	buyer.luna@example.com	Does the DualSense work well for PC games that support adaptive triggers?	text		2026-06-15T09:31:00.000Z	
juno-dualsense-luna	maker.juno@example.com	Yes, supported PC games can use the DualSense features, though behavior depends on the game and connection mode.	text		2026-06-15T09:34:00.000Z	
juno-dualsense-luna	buyer.luna@example.com	Good to know. I mainly wanted it for newer action games.	text		2026-06-15T09:36:00.000Z	
juno-xbox-mason	buyer.mason@example.com	Does the Xbox controller need batteries, or is there a rechargeable pack included?	text		2026-06-15T10:01:00.000Z	
juno-xbox-mason	maker.juno@example.com	The controller uses AA batteries by default. A rechargeable pack is separate unless a bundle states otherwise.	text		2026-06-15T10:04:00.000Z	
juno-xbox-mason	buyer.mason@example.com	Thanks for clarifying. I will add a battery pack separately.	text		2026-06-15T10:06:00.000Z	
juno-dualsense-sophia	buyer.sophia@example.com	Is the DualSense sealed retail packaging?	text		2026-06-15T10:31:00.000Z	
juno-dualsense-sophia	maker.juno@example.com	Yes, it is new retail packaging, and the listing is for the standard white controller.	text		2026-06-15T10:34:00.000Z	
juno-dualsense-sophia	buyer.sophia@example.com	Great. I wanted to confirm before sending it as a gift.	text		2026-06-15T10:36:00.000Z	
juno-xbox-ethan	buyer.ethan@example.com	Can I use the Xbox controller with cloud gaming on a tablet?	text		2026-06-15T11:01:00.000Z	
juno-xbox-ethan	maker.juno@example.com	Yes, it is commonly used for cloud gaming over Bluetooth as long as the tablet and service support controllers.	text		2026-06-15T11:04:00.000Z	
juno-xbox-ethan	buyer.ethan@example.com	That is exactly my use case. Thanks.	text		2026-06-15T11:06:00.000Z	
juno-dualsense-chloe	buyer.chloe@example.com	Does the DualSense listing include any warranty details?	text		2026-06-15T11:31:00.000Z	
juno-dualsense-chloe	maker.juno@example.com	The listing follows the standard manufacturer warranty terms, and I can include the purchase receipt in the package.	text		2026-06-15T11:34:00.000Z	
juno-dualsense-chloe	buyer.chloe@example.com	Thanks. That makes the purchase easier.	text		2026-06-15T11:36:00.000Z	
juno-xbox-jack	buyer.jack@example.com	Is the Xbox controller the current model with the share button?	text		2026-06-15T12:01:00.000Z	
juno-xbox-jack	maker.juno@example.com	Yes, this is the current wireless model with the share button and textured grip.	text		2026-06-15T12:04:00.000Z	
juno-xbox-jack	buyer.jack@example.com	Great. That confirms the version I wanted.	text		2026-06-15T12:06:00.000Z	
juno-dualsense-zoe	buyer.zoe@example.com	Can the DualSense charge from a regular USB-C wall charger?	text		2026-06-15T12:31:00.000Z	
juno-dualsense-zoe	maker.juno@example.com	Yes, a compatible USB-C charger works, though this listing does not include the cable.	text		2026-06-15T12:34:00.000Z	
juno-dualsense-zoe	buyer.zoe@example.com	Understood. I already have a cable at home.	text		2026-06-15T12:36:00.000Z	
juno-xbox-nolan	buyer.nolan@example.com	Is the Xbox controller suitable for Steam games on a laptop?	text		2026-06-15T13:01:00.000Z	
juno-xbox-nolan	maker.juno@example.com	Yes, Steam recognizes it well, and most controller-friendly PC games map the buttons automatically.	text		2026-06-15T13:04:00.000Z	
juno-xbox-nolan	buyer.nolan@example.com	Perfect. That is all I needed to know.	text		2026-06-15T13:06:00.000Z	
