shop_slug	product_title	user_email	guest_session_id	guest_session_prefix	guest_session_count	viewed_at	viewed_at_step_minutes
olive-atelier	Canvas Market Tote			trend-canvas-market-tote-	6	2026-06-15T09:00:00.000Z	5
reed-workshop	Sony WH-1000XM6 Wireless Headphones			trend-sony-wh-1000xm6-	5	2026-06-15T09:30:00.000Z	5
reed-workshop	Yamaha HPH-MT7 Studio Monitor Headphones			trend-yamaha-hph-mt7-	5	2026-06-15T09:55:00.000Z	5
sage-studio	Minimal Horizon Print			trend-minimal-horizon-print-	4	2026-06-15T10:20:00.000Z	5
sage-studio	Oak Side Table			trend-oak-side-table-	4	2026-06-15T10:40:00.000Z	5
hazel-home	Solid Oak Console Table			trend-solid-oak-console-table-	3	2026-06-15T11:00:00.000Z	5
hazel-home	Walnut Accent Side Table			trend-walnut-accent-side-table-	3	2026-06-15T11:15:00.000Z	5
juno-console	Xbox Wireless Controller			trend-xbox-wireless-controller-	3	2026-06-15T11:30:00.000Z	5
juno-console	PlayStation DualSense Wireless Controller			trend-playstation-dualsense-wireless-controller-	3	2026-06-15T11:45:00.000Z	5
